session_path,session,date,participant,error_type,owner,bad_file,failed_stage,detail
EgoMotionActions/20260917/D49/20260917_052149_session81,20260917_052149_session81,20260917,lvaoshan,mocap_csv_missing,capture,mocap/mocap-D49-S01-lvaoshan-02p1-Body0.csv;mocap/mocap-D49-S01-lvaoshan-02p1-Tracker0.csv,fit,no *-Body0.csv / *-Tracker0.csv in mocap/
EgoMotionActions/20260917/D55/20260917_054009_session89,20260917_054009_session89,20260917,lvaoshan,mocap_csv_missing,capture,mocap/mocap-D55-S01-lvaoshan-02p1-Body0.csv;mocap/mocap-D55-S01-lvaoshan-02p1-Tracker0.csv,fit,no *-Body0.csv / *-Tracker0.csv in mocap/
EgoMotionActions/20260917/P31/20260917_040837_session56,20260917_040837_session56,20260917,lvaoshan,mocap_csv_missing,capture,mocap/mocap-P31-S08-lvaoshan-01p1-Body0.csv;mocap/mocap-P31-S08-lvaoshan-01p1-Tracker0.csv,fit,no *-Body0.csv / *-Tracker0.csv in mocap/
EgoMotionActions/20260917/D41/20260917_110212_session182,20260917_110212_session182,20260917,wangjingjing,mocap_trc_unparseable,capture,mocap/mocap-D41-S03-wangjingjing-01p2-Body0.trc,fit,"pandas.errors.ParserError: Error tokenizing data. C error: Expected 163 fields in line 180, saw 361"
EgoMotionActions/20260917/P09/20260917_103250_session170,20260917_103250_session170,20260917,wangjingjing,mocap_trc_unparseable,capture,mocap/mocap-P09-S02-wangjingjing-12p1-Body0.trc,fit,"pandas.errors.ParserError: Error tokenizing data. C error: Expected 4 fields in line 8, saw 163"
EgoMotionActions/20260918/DR11/20260918_081833_session53,20260918_081833_session53,20260918,mahui,mocap_trc_unparseable,capture,mocap/mocap-DR11-S01-mahui-02p1-Body0.trc,fit,"pandas.errors.ParserError: Error tokenizing data. C error: Expected 4 fields in line 8, saw 163"
EgoMotionActions/20260918/LM55/20260918_111938_session96,20260918_111938_session96,20260918,mahui,mocap_trc_unparseable,capture,mocap/mocap-LM55-S01-mahui-01p1-Body0.trc,fit,"ValueError: cannot reshape array of size 14284 into shape (14284,53,3)"
EgoMotionActions/20260918/LM55/20260918_112156_session97,20260918_112156_session97,20260918,mahui,mocap_trc_unparseable,capture,mocap/mocap-LM55-S02-mahui-01p1-Body0.trc,fit,"ValueError: cannot reshape array of size 14884 into shape (14884,53,3)"
EgoMotionActions/20260918/LM59/20260918_105153_session88,20260918_105153_session88,20260918,mahui,mocap_trc_unparseable,capture,mocap/mocap-LM59-S01-mahui-01p2-Body0.trc,fit,"ValueError: cannot reshape array of size 14284 into shape (14284,53,3)"
EgoMotionActions/20260918/LM59/20260918_105406_session89,20260918_105406_session89,20260918,mahui,mocap_trc_unparseable,capture,mocap/mocap-LM59-S02-mahui-01p1-Body0.trc,fit,"ValueError: cannot reshape array of size 14284 into shape (14284,53,3)"
EgoMotionActions/20260919/D05/20260919_024957_session33,20260919_024957_session33,20260919,liujiaxin,mocap_trc_unparseable,capture,mocap/mocap-D05-S01-liujiaxin-02p2-Body0.trc,fit,"pandas.errors.ParserError: Error tokenizing data. C error: Expected 4 fields in line 8, saw 163"
EgoMotionActions/20260919/LM14/20260919_052947_session81,20260919_052947_session81,20260919,liujiaxin,mocap_trc_unparseable,capture,mocap/mocap-LM14-S02-liujiaxin-01p1-Body0.trc,fit,"pandas.errors.ParserError: Error tokenizing data. C error: Expected 163 fields in line 3060, saw 361"
EgoMotionActions/20260921/D30/20260921_053107_session102,20260921_053107_session102,20260921,yanyitong,mocap_trc_unparseable,capture,mocap/mocap-D30-S01-yanyitong-02p3-Body0.trc,fit,"pandas.errors.ParserError: Error tokenizing data. C error: Expected 4 fields in line 8, saw 163"
EgoMotionActions/20260923/D15/20260923_105511_session30,20260923_105511_session30,20260923,wangmengli,video_missing,capture,robocap_segment1_video_left_front.mp4,slam,file absent: ['cam0']
EgoMotionActions/20260923/D16/20260923_105645_session31,20260923_105645_session31,20260923,wangmengli,video_missing,capture,robocap_segment1_video_right_front.mp4,slam,file absent: ['cam1']
EgoMotionActions/20260916/D51/20260916_042927_session56,20260916_042927_session56,20260916,wangzhixin,video_unreadable,capture,robocap_segment1_video_right_front.mp4,manifest,present but will not decode: ['cam1']
EgoMotionActions/20260916/LH04/20260916_035142_session47,20260916_035142_session47,20260916,wangzhixin,video_unreadable,capture,robocap_segment1_video_right_front.mp4,manifest,present but will not decode: ['cam1']
EgoMotionActions/20260916/LH08/20260916_035553_session48,20260916_035553_session48,20260916,wangzhixin,video_unreadable,capture,robocap_segment1_video_right_front.mp4,manifest,present but will not decode: ['cam1']
EgoMotionActions/20260916/LH10/20260916_035933_session49,20260916_035933_session49,20260916,wangzhixin,video_unreadable,capture,robocap_segment1_video_right_front.mp4,manifest,present but will not decode: ['cam1']
EgoMotionActions/20260916/LM09/20260916_020718_session24,20260916_020718_session24,20260916,wangzhixin,video_unreadable,capture,robocap_segment1_video_left_front.mp4,manifest,present but will not decode: ['cam0']
EgoMotionActions/20260916/LM24/20260916_041819_session54,20260916_041819_session54,20260916,wangzhixin,video_unreadable,capture,robocap_segment1_video_right_front.mp4,manifest,present but will not decode: ['cam1']
EgoMotionActions/20260916/LM56/20260916_020944_session25,20260916_020944_session25,20260916,wangzhixin,video_unreadable,capture,robocap_segment1_video_left_front.mp4;robocap_segment1_video_left_eye.mp4,manifest,"present but will not decode: ['cam0', 'cam2']"
EgoMotionActions/20260916/LM56/20260916_021157_session26,20260916_021157_session26,20260916,wangzhixin,video_unreadable,capture,robocap_segment1_video_left_eye.mp4,manifest,present but will not decode: ['cam2']
EgoMotionActions/20260916/SM02/20260916_040227_session50,20260916_040227_session50,20260916,wangzhixin,video_unreadable,capture,robocap_segment1_video_right_front.mp4,manifest,present but will not decode: ['cam1']
EgoMotionActions/20260917/D44/20260917_122359_session208,20260917_122359_session208,20260917,wangjingjing,video_unreadable,capture,robocap_segment1_video_right_front.mp4,manifest,present but will not decode: ['cam1']
EgoMotionActions/20260917/D47/20260917_112247_session188,20260917_112247_session188,20260917,wangjingjing,video_unreadable,capture,robocap_segment1_video_left_front.mp4,manifest,present but will not decode: ['cam0']
EgoMotionActions/20260917/D48/20260917_112429_session189,20260917_112429_session189,20260917,wangjingjing,video_unreadable,capture,robocap_segment1_video_left_front.mp4,manifest,present but will not decode: ['cam0']
EgoMotionActions/20260917/D50/20260917_112808_session191,20260917_112808_session191,20260917,wangjingjing,video_unreadable,capture,robocap_segment1_video_left_eye.mp4,manifest,present but will not decode: ['cam2']
EgoMotionActions/20260917/D51/20260917_112925_session192,20260917_112925_session192,20260917,wangjingjing,video_unreadable,capture,robocap_segment1_video_left_eye.mp4,manifest,present but will not decode: ['cam2']
EgoMotionActions/20260917/D52/20260917_113404_session193,20260917_113404_session193,20260917,wangjingjing,video_unreadable,capture,robocap_segment1_video_left_eye.mp4,manifest,present but will not decode: ['cam2']
EgoMotionActions/20260917/D55/20260917_113855_session196,20260917_113855_session196,20260917,wangjingjing,video_unreadable,capture,robocap_segment1_video_left_eye.mp4,manifest,present but will not decode: ['cam2']
EgoMotionActions/20260917/DR03/20260917_033715_session47,20260917_033715_session47,20260917,lvaoshan,video_unreadable,capture,robocap_segment1_video_right_front.mp4,manifest,present but will not decode: ['cam1']
EgoMotionActions/20260917/DR04/20260917_034011_session48,20260917_034011_session48,20260917,lvaoshan,video_unreadable,capture,robocap_segment1_video_right_front.mp4,manifest,present but will not decode: ['cam1']
EgoMotionActions/20260917/P09/20260917_034308_session49,20260917_034308_session49,20260917,lvaoshan,video_unreadable,capture,robocap_segment1_video_right_front.mp4,manifest,present but will not decode: ['cam1']
EgoMotionActions/20260917/P12/20260917_034803_session51,20260917_034803_session51,20260917,lvaoshan,video_unreadable,capture,robocap_segment1_video_right_front.mp4,manifest,present but will not decode: ['cam1']
EgoMotionActions/20260917/P17/20260917_035107_session52,20260917_035107_session52,20260917,lvaoshan,video_unreadable,capture,robocap_segment1_video_right_front.mp4,manifest,present but will not decode: ['cam1']
EgoMotionActions/20260917/P30/20260917_035417_session53,20260917_035417_session53,20260917,lvaoshan,video_unreadable,capture,robocap_segment1_video_right_front.mp4,manifest,present but will not decode: ['cam1']
EgoMotionActions/20260917/P31/20260917_030159_session36,20260917_030159_session36,20260917,lvaoshan,video_unreadable,capture,robocap_segment1_video_left_front.mp4,manifest,present but will not decode: ['cam0']
EgoMotionActions/20260918/EC08/20260918_075533_session46,20260918_075533_session46,20260918,mahui,video_unreadable,capture,robocap_segment1_video_right_front.mp4,manifest,present but will not decode: ['cam1']
EgoMotionActions/20260918/EC08/20260918_075737_session47,20260918_075737_session47,20260918,mahui,video_unreadable,capture,robocap_segment1_video_right_front.mp4,manifest,present but will not decode: ['cam1']
EgoMotionActions/20260918/LM28/20260918_071713_session34,20260918_071713_session34,20260918,mahui,video_unreadable,capture,robocap_segment1_video_left_eye.mp4,manifest,present but will not decode: ['cam2']
EgoMotionActions/20260918/LM28/20260918_071930_session35,20260918_071930_session35,20260918,mahui,video_unreadable,capture,robocap_segment1_video_left_eye.mp4,manifest,present but will not decode: ['cam2']
EgoMotionActions/20260918/LM28/20260918_072152_session36,20260918_072152_session36,20260918,mahui,video_unreadable,capture,robocap_segment1_video_left_eye.mp4,manifest,present but will not decode: ['cam2']
EgoMotionActions/20260918/LM38/20260918_070121_session27,20260918_070121_session27,20260918,mahui,video_unreadable,capture,robocap_segment1_video_right_eye.mp4,manifest,present but will not decode: ['cam3']
EgoMotionActions/20260919/D03/20260919_022223_session28,20260919_022223_session28,20260919,liujiaxin,video_unreadable,capture,robocap_segment1_video_left_front.mp4,manifest,present but will not decode: ['cam0']
EgoMotionActions/20260921/LM15/20260921_083721_session153,20260921_083721_session153,20260921,zhangxinxin,video_unreadable,capture,robocap_segment1_video_right_front.mp4,manifest,present but will not decode: ['cam1']
EgoMotionActions/20260921/LM15/20260921_083922_session154,20260921_083922_session154,20260921,zhangxinxin,video_unreadable,capture,robocap_segment1_video_right_front.mp4,manifest,present but will not decode: ['cam1']
EgoMotionActions/20260921/LM15/20260921_084114_session155,20260921_084114_session155,20260921,zhangxinxin,video_unreadable,capture,robocap_segment1_video_right_front.mp4,manifest,present but will not decode: ['cam1']
EgoMotionActions/20260921/LM66/20260921_083244_session151,20260921_083244_session151,20260921,zhangxinxin,video_unreadable,capture,robocap_segment1_video_right_front.mp4,manifest,present but will not decode: ['cam1']
EgoMotionActions/20260921/LM66/20260921_083451_session152,20260921_083451_session152,20260921,zhangxinxin,video_unreadable,capture,robocap_segment1_video_right_front.mp4,manifest,present but will not decode: ['cam1']
EgoMotionActions/20260923/D14/20260923_105227_session28,20260923_105227_session28,20260923,wangmengli,video_unreadable,capture,robocap_segment1_video_left_front.mp4,manifest,present but will not decode: ['cam0']
EgoMotionActions/20260923/D18/20260923_110013_session33,20260923_110013_session33,20260923,wangmengli,video_unreadable,capture,robocap_segment1_video_left_eye.mp4,manifest,present but will not decode: ['cam2']
EgoMotionActions/20260923/D21/20260923_112239_session40,20260923_112239_session40,20260923,wangmengli,video_unreadable,capture,robocap_segment1_video_right_front.mp4,manifest,present but will not decode: ['cam1']
EgoMotionActions/20260923/D22/20260923_112413_session41,20260923_112413_session41,20260923,wangmengli,video_unreadable,capture,robocap_segment1_video_right_front.mp4,manifest,present but will not decode: ['cam1']
EgoMotionActions/20260923/D42/20260923_101113_session11,20260923_101113_session11,20260923,wangmengli,video_unreadable,capture,robocap_segment1_video_right_eye.mp4,manifest,present but will not decode: ['cam3']
EgoMotionActions/20260923/D42/20260923_101301_session12,20260923_101301_session12,20260923,wangmengli,video_unreadable,capture,robocap_segment1_video_right_eye.mp4,manifest,present but will not decode: ['cam3']
